,app_id,amnt,currency,operation_kind,card_type,operation_type,operation_type_group,ecommerce_flag,payment_system,income_flag,mcc,country,city,mcc_category,day_of_week,hour,days_before,weekofyear,hour_diff,transaction_number
9911,42,0.2975890792412704,1,2,17,3,1,1,6,1,2,1,1,2,7,16,350,50,-1,1
9912,42,0.4061399043102222,1,5,17,11,2,1,2,2,47,1,1,13,6,0,349,39,8,2
9913,42,0.5395840117062823,1,2,17,3,1,1,6,1,2,1,1,2,4,18,347,39,67,3
9914,42,0.37331803800587693,1,1,17,2,1,1,2,1,3,1,1,4,4,20,347,39,2,4
9915,42,0.3402625887544158,1,1,17,2,1,2,2,1,18,9,31,6,4,22,347,39,2,5
9916,42,0.452907486049819,1,1,17,2,1,2,2,1,74,1,1,12,3,12,346,39,14,6
9917,42,0.34013193935413133,1,1,17,9,1,2,6,1,6,1,1,3,3,18,346,39,6,7
9918,42,0.2885187538854928,1,1,17,2,1,1,2,1,3,1,1,4,3,18,346,39,0,8
9919,42,0.28443594333198424,1,1,17,9,1,2,6,1,6,1,1,3,3,18,346,39,0,9
9920,42,0.3260857385011351,1,1,17,2,1,1,2,1,3,1,1,4,1,14,345,39,20,10
9921,42,0.2975890792412704,1,1,17,2,1,1,2,1,26,1,1,14,2,22,344,39,32,11
9922,42,0.4265442702066148,1,2,17,3,1,1,6,1,2,1,1,2,7,12,343,39,13,12
9923,42,0.3096057563503235,1,1,17,9,1,2,6,1,6,1,1,3,7,17,343,39,6,13
9924,42,0.42660032804551573,1,1,17,2,1,1,2,1,1,1,1,1,7,20,343,39,3,14
9925,42,0.305395240024642,1,1,17,9,1,2,6,1,6,1,1,3,5,8,341,42,36,15
9926,42,0.28443594333198424,1,1,17,9,1,2,6,1,6,1,1,3,5,9,341,42,1,16
9927,42,0.3722951001872668,1,1,17,2,1,1,2,1,33,1,1,7,5,12,341,42,3,17
9928,42,0.32997959333086285,1,1,17,2,1,1,2,1,5,1,1,4,1,21,338,42,81,18
9929,42,0.2926303422703275,1,1,17,2,1,1,2,1,3,1,1,4,2,17,337,42,21,19
9930,42,0.3488379638169017,1,2,17,3,1,1,6,1,2,1,1,2,5,10,334,48,65,20
9931,42,0.5871270548274807,1,2,17,3,1,1,6,1,2,1,1,2,1,16,331,48,77,21
9932,42,0.3751696795991723,1,1,17,2,1,1,2,1,34,1,1,12,1,20,331,48,4,22
9933,42,0.3730276679293607,1,1,17,2,1,1,2,1,3,1,1,4,1,20,331,48,0,23
9934,42,0.29170790135448915,1,1,17,2,1,1,2,1,3,1,1,4,1,20,331,48,0,24
9935,42,0.3676867203808272,1,1,17,2,1,1,2,1,3,1,1,4,1,20,331,48,0,25
9936,42,0.4156534265560268,1,1,17,2,1,1,2,1,17,1,1,15,1,22,331,48,2,26
9937,42,0.2297496088743847,1,1,17,2,1,2,2,1,18,9,31,6,2,2,330,48,5,27
9938,42,0.41232859142066064,1,1,17,2,1,1,2,1,1,1,1,1,2,16,330,48,13,28
9939,42,0.46225186673692104,1,1,17,2,1,1,2,1,47,1,1,13,2,16,330,48,1,29
9940,42,0.3233311294126596,1,1,17,2,1,1,2,1,65,1,1,6,2,19,330,48,3,30
9941,42,0.38987579079856066,1,1,17,2,1,1,2,1,5,1,1,4,2,20,330,48,1,31
9942,42,0.3978985484558824,1,1,17,2,1,2,2,1,61,1,1,2,7,10,329,48,14,32
9943,42,0.39302024879044656,1,2,17,3,1,1,6,1,2,1,1,2,7,13,329,48,3,33
9944,42,0.48437478007797796,1,3,17,5,1,1,6,1,9,1,1,2,1,16,317,20,291,34
9945,42,0.4688439130645879,1,3,17,5,1,1,6,1,9,1,1,2,1,16,317,20,0,35
9946,42,0.2885187538854928,1,1,17,2,1,2,2,1,20,1,1,11,1,17,317,20,1,36
9947,42,0.3260857385011351,1,1,17,2,1,1,2,1,3,1,1,4,1,21,317,20,4,37
9948,42,0.3781724003252536,1,1,17,2,1,1,2,1,1,1,1,1,1,22,317,20,1,38
9949,42,0.3772329227555472,1,1,17,2,1,1,2,1,47,1,1,13,2,0,316,20,2,39
9950,42,0.33332612857055166,1,1,17,2,1,2,2,1,18,9,31,6,2,8,316,20,8,40
9951,42,0.3578229677336535,1,1,17,2,1,1,2,1,3,1,1,4,2,11,316,20,3,41
9952,42,0.4551413407138539,1,1,17,2,1,1,2,1,37,1,1,18,2,13,316,20,2,42
9953,42,0.3362043949558855,1,1,17,2,1,1,2,1,1,1,1,1,2,18,316,20,5,43
9954,42,0.3725892759177539,1,1,17,2,1,1,2,1,41,1,1,10,2,21,316,20,3,44
9955,42,0.4069409727621595,1,1,17,2,1,1,2,1,5,1,1,4,7,12,315,20,16,45
9956,42,0.4248214960709841,1,1,17,2,1,1,2,1,7,1,1,5,7,13,315,20,0,46
9957,42,0.25897237458612055,1,1,17,2,1,1,2,1,56,1,1,3,6,0,314,36,11,47
9958,42,0.28153909926329146,1,1,17,2,1,1,2,1,56,1,1,3,6,0,314,36,0,48
9959,42,0.28153909926329146,1,1,17,2,1,1,2,1,56,1,1,3,6,14,314,36,14,49
9960,42,0.25897237458612055,1,1,17,2,1,1,2,1,56,1,1,3,5,13,313,36,23,50
9961,42,0.28153909926329146,1,1,17,2,1,1,2,1,56,1,1,3,5,13,313,36,0,51
9962,42,0.31639002538453637,1,1,17,2,1,1,2,1,1,1,1,1,5,15,313,36,2,52
9963,42,0.4023433142119545,1,1,17,2,1,1,2,1,25,1,53,6,5,15,313,36,0,53
9964,42,0.4842821518918416,1,1,17,2,1,1,2,1,57,1,1,9,5,16,313,36,0,54
9965,42,0.3703444208888948,1,1,17,9,1,2,6,1,6,1,1,3,5,19,313,36,4,55
9966,42,0.3547837434980579,1,1,17,2,1,1,2,1,1,1,1,1,5,19,313,36,0,56
9967,42,0.3369014709023598,1,1,17,9,1,2,6,1,6,1,1,3,5,20,313,36,0,57
9968,42,0.32741393996616813,1,1,17,2,1,1,2,1,3,1,1,4,4,0,312,36,4,58
9969,42,0.3588630190955319,1,1,17,2,1,1,2,1,6,1,1,3,4,8,312,36,9,59
9970,42,0.43377019416620993,1,3,17,5,1,1,6,1,9,1,1,2,4,11,312,36,3,60
9971,42,0.32024816944507883,1,1,17,2,1,2,2,1,20,1,1,11,4,12,312,36,1,61
9972,42,0.29139702027082665,1,1,17,9,1,2,6,1,6,1,1,3,4,18,312,36,6,62
9973,42,0.3676867203808272,1,1,17,2,1,1,2,1,34,1,1,12,4,18,312,36,0,63
9974,42,0.3477065970237077,1,1,17,2,1,1,2,1,32,1,1,10,4,18,312,36,0,64
9975,42,0.21105557735714842,1,1,17,2,1,1,2,1,3,1,1,4,3,0,311,36,5,65
9976,42,0.24589256963929348,1,1,17,2,1,1,2,1,3,1,1,4,3,0,311,36,0,66
9977,42,0.2662566093448934,1,1,17,2,1,1,2,1,3,1,1,4,3,0,311,36,0,67
9978,42,0.31618997564654855,1,1,17,2,1,1,2,1,3,1,1,4,3,13,311,36,13,68
9979,42,0.4654254330729043,1,1,17,2,1,2,2,1,56,1,1,3,3,18,311,36,5,69
9980,42,0.28685353103455696,1,1,17,2,1,1,2,1,1,1,1,1,3,23,311,36,5,70
9981,42,0.33463964765683885,1,1,17,2,1,1,2,1,3,1,1,4,1,15,310,36,16,71
9982,42,0.3477065970237077,1,1,17,2,1,1,2,1,3,1,1,4,2,11,309,36,20,72
9983,42,0.39599781154647423,1,1,17,2,1,1,2,1,34,1,1,12,2,17,309,36,6,73
9984,42,0.3676867203808272,1,1,17,2,1,1,2,1,3,1,1,4,2,17,309,36,0,74
9985,42,0.4779440811646806,1,2,17,3,1,1,6,1,2,1,1,2,1,16,303,32,143,75
9986,42,0.2881896392055454,1,1,17,2,1,2,2,1,18,9,31,6,1,18,303,32,2,76
9987,42,0.2941348262772563,1,1,17,2,1,1,2,1,5,1,1,4,1,19,303,32,0,77
9988,42,0.3217200936297672,1,1,17,2,1,1,2,1,3,1,1,4,1,19,303,32,0,78
9989,42,0.2465896455857678,1,1,17,2,1,1,2,1,3,1,1,4,1,19,303,32,0,79
9990,42,0.4524144835130686,1,1,17,2,1,1,2,1,1,1,1,1,1,21,303,32,2,80
9991,42,0.5289502115723108,1,3,17,5,1,1,6,1,9,1,1,2,1,22,303,32,2,81
9992,42,0.5946198205801868,1,2,17,3,1,1,6,1,2,1,1,2,2,15,302,32,16,82
9993,42,0.2297496088743847,1,1,17,2,1,2,2,1,18,9,31,6,2,20,302,32,6,83
9994,42,0.3272496239129626,1,1,17,2,1,1,2,1,42,1,1,11,4,14,298,33,90,84
9995,42,0.24301430325395965,1,1,17,2,1,2,2,1,18,9,31,6,4,21,298,33,7,85
9996,42,0.27003039355295766,1,1,17,2,1,1,2,1,3,1,1,4,3,0,297,33,3,86
9997,42,0.24589256963929348,1,1,17,2,1,1,2,1,3,1,1,4,3,0,297,33,0,87
9998,42,0.3876771200456198,1,2,17,3,1,1,6,1,2,1,1,2,3,19,297,33,19,88
9999,42,0.1555807443227015,1,1,17,2,1,2,2,1,18,9,31,6,2,1,295,33,30,89
10000,42,0.30004701488163976,1,1,17,9,1,2,6,1,6,1,1,3,1,16,289,28,159,90
10001,42,0.28116624811030133,1,1,17,9,1,2,6,1,6,1,1,3,1,16,289,28,0,91
10002,42,0.4929221234800197,1,1,17,2,1,1,2,1,26,1,1,14,1,17,289,28,0,92
10003,42,0.4189269763274088,1,1,17,2,1,1,2,1,7,1,1,5,1,17,289,28,0,93
10004,42,0.4268797802768293,1,1,17,2,1,1,2,1,3,1,1,4,1,19,289,28,2,94
10005,42,0.47565386769027984,1,1,17,2,1,1,2,1,15,1,1,5,2,12,288,28,17,95
10006,42,0.4455370967097988,1,1,17,2,1,1,2,1,5,1,1,4,2,20,288,28,8,96
10007,42,0.3669616205159229,1,1,17,2,1,1,2,1,1,1,1,1,2,21,288,28,0,97
10008,42,0.15195923671303396,1,1,17,2,1,1,2,1,3,1,1,4,5,0,285,35,51,98
10009,42,0.43883529892318895,1,1,17,9,1,2,6,1,6,1,1,3,5,1,285,35,2,99
10010,42,0.40076746953482895,1,1,17,2,1,1,2,1,5,1,1,4,5,15,285,35,13,100
10011,42,0.37273578746854014,1,1,17,2,1,1,2,1,1,1,1,1,5,21,285,35,6,101
10012,42,0.41041065630473633,1,2,17,3,1,1,6,1,2,1,1,2,3,13,283,35,40,102
10013,42,0.39302024879044656,1,2,17,3,1,1,6,1,2,1,1,2,1,20,282,35,30,103
10014,42,0.5286729679435271,1,3,17,5,1,1,6,1,9,1,1,2,6,16,272,43,236,104
10015,42,0.3978985484558824,1,1,17,2,1,2,2,1,61,1,1,2,6,17,272,43,1,105
10016,42,0.5168336566977262,1,2,17,3,1,1,6,1,2,1,1,2,6,17,272,43,0,106
10017,42,0.3654826914906323,1,1,17,9,1,2,6,1,6,1,1,3,6,17,272,43,0,107
10018,42,0.366717823352962,1,1,17,9,1,2,6,1,6,1,1,3,6,17,272,43,0,108
10019,42,0.3277411355991745,1,1,17,9,1,2,6,1,6,1,1,3,6,17,272,43,0,109
10020,42,0.34268882321037714,1,1,17,9,1,2,6,1,6,1,1,3,6,17,272,43,0,110
10021,42,0.23759219542474336,1,1,17,9,1,2,6,1,6,1,1,3,6,18,272,43,0,111
10022,42,0.34392486199760386,1,1,17,2,1,1,2,1,3,1,1,4,6,18,272,43,0,112
10023,42,0.3589566202716521,1,1,17,9,1,2,6,1,6,1,1,3,6,19,272,43,1,113
10024,42,0.30084296995867393,1,1,17,9,1,2,6,1,6,1,1,3,5,8,271,43,13,114
10025,42,0.2776941783840886,1,1,17,2,1,1,2,1,1,1,1,1,5,9,271,43,1,115
10026,42,0.4061399043102222,1,1,17,2,1,1,2,1,1,1,1,1,5,20,271,43,11,116
10027,42,0.35135666859025216,1,1,17,9,1,2,6,1,6,1,1,3,4,8,270,43,13,117
10028,42,0.48817298320499203,1,2,17,3,1,1,6,1,2,1,1,2,4,13,270,43,5,118
10029,42,0.3876771200456198,1,2,17,3,1,1,6,1,2,1,1,2,3,18,269,43,28,119
10030,42,0.4065418680066658,1,1,17,2,1,1,2,1,5,1,1,4,1,0,268,43,6,120
10031,42,0.3096057563503235,1,1,17,9,1,2,6,1,6,1,1,3,1,6,268,43,7,121
10032,42,0.3407821655412987,1,1,17,9,1,2,6,1,6,1,1,3,1,6,268,43,0,122
10033,42,0.5168336566977262,1,2,17,3,1,1,6,1,2,1,1,2,1,18,268,43,11,123
10034,42,0.3633617325913901,1,1,17,2,1,1,2,1,3,1,1,4,1,21,268,43,3,124
10035,42,0.2543417987691348,1,1,17,2,1,1,2,1,1,1,1,1,2,9,267,43,12,125
10036,42,0.3442904261053174,1,1,17,2,1,1,2,1,10,1,1,7,2,9,267,43,0,126
10037,42,0.4152947609814101,1,1,17,2,1,1,2,1,31,1,1,6,2,13,267,43,4,127
10038,42,0.3272496239129626,1,1,17,2,1,1,2,1,42,1,1,11,2,14,267,43,1,128
10039,42,0.4566488373036221,1,1,17,2,1,1,2,1,1,1,2,1,2,14,267,43,0,129
10040,42,0.27003039355295766,1,1,17,9,1,2,6,1,6,1,1,3,7,19,266,43,29,130
10041,42,0.33463964765683885,1,1,168,9,1,2,6,1,6,1,1,3,6,19,265,8,24,131
10042,42,0.2950185278804942,1,1,17,2,1,1,2,1,10,1,1,7,6,19,265,8,0,132
10043,42,0.38773314989757707,1,1,17,2,1,1,2,1,1,1,1,1,6,19,265,8,0,133
10044,42,0.32262081749677074,1,1,17,9,1,2,6,1,6,1,1,3,6,21,265,8,2,134
10045,42,0.3098306620304514,1,1,17,2,1,1,2,1,3,1,1,4,5,9,264,8,12,135
10046,42,0.3678465891273475,1,1,17,2,1,1,2,1,45,1,1,11,5,10,264,8,1,136
10047,42,0.38762103419180216,1,1,17,9,1,2,6,1,100,1,1,27,5,14,264,8,4,137
10048,42,0.34268882321037714,1,1,17,9,1,2,6,1,6,1,1,3,5,19,264,8,5,138
10049,42,0.2505994861783134,1,1,17,9,1,2,6,1,6,1,1,3,5,19,264,8,0,139
10050,42,0.4265442702066148,1,1,17,2,1,1,2,1,40,1,1,17,5,20,264,8,1,140
10051,42,0.2561233417998188,1,1,17,2,1,1,2,1,5,1,1,4,5,20,264,8,0,141
10052,42,0.38556367532980695,1,1,17,2,1,1,2,1,7,1,1,5,5,21,264,8,1,142
10053,42,0.6225205893102427,3,2,17,3,1,1,6,1,2,1,1,2,4,8,263,8,11,143
10054,42,0.411594381508745,1,1,17,2,1,1,2,1,5,24,1,4,4,13,263,8,5,144
10055,42,0.39420934564479765,1,1,17,2,1,1,2,1,7,1,1,5,4,18,263,8,5,145
10056,42,0.3488379638169017,1,1,17,9,1,2,6,1,100,1,1,27,4,22,263,8,4,146
10057,42,0.5871270548274807,1,4,17,4,2,1,3,2,2,1,1,2,4,22,263,8,1,147
10058,42,0.5938567442005601,3,2,17,3,1,1,6,1,2,1,1,2,4,22,263,8,0,148
10059,42,0.31987407544572105,1,1,17,2,1,1,2,1,1,1,1,1,4,22,263,8,0,149
10060,42,0.2776941783840886,1,1,17,9,1,2,6,1,6,1,1,3,4,23,263,8,0,150
10061,42,0.35548455054543937,1,1,17,2,1,1,2,1,5,1,1,4,3,20,262,8,21,151
10062,42,0.3488379638169017,1,1,17,9,1,2,6,1,100,1,1,27,3,22,262,8,2,152
10063,42,0.37360691324912465,1,1,17,2,1,1,2,1,55,1,1,13,3,23,262,8,1,153
10064,42,0.3488379638169017,1,1,17,9,1,2,6,1,100,1,1,27,1,0,261,8,0,154
10065,42,0.3488379638169017,1,1,17,9,1,2,6,1,100,1,1,27,1,1,261,8,1,155
10066,42,0.39487500808553455,1,1,17,2,1,1,2,1,7,1,1,5,1,1,261,8,0,156
10067,42,0.4779440811646806,1,2,17,3,1,1,6,1,2,1,1,2,1,8,261,8,7,157
10068,42,0.3488379638169017,1,1,17,2,1,2,2,1,42,1,1,11,1,12,261,8,4,158
10069,42,0.35810853523074804,1,1,17,2,1,1,2,1,3,1,1,4,1,18,261,8,7,159
10070,42,0.3583179775517056,1,1,17,2,1,1,2,1,1,1,1,1,1,19,261,8,0,160
10071,42,0.2667424469432222,1,1,17,2,1,1,2,1,3,1,1,4,1,19,261,8,0,161
10072,42,0.3751696795991723,1,1,17,2,1,1,2,1,40,1,1,17,2,10,260,8,15,162
10073,42,0.4415398414422209,1,1,17,2,1,1,2,1,10,1,1,7,7,11,259,8,25,163
10074,42,0.42555408256614474,1,1,17,2,1,1,2,1,1,1,1,1,6,16,258,19,29,164
10075,42,0.4299970038095194,1,1,17,2,1,1,2,1,7,1,1,5,6,17,258,19,0,165
10076,42,0.3547434317922487,1,1,17,2,1,1,2,1,7,1,1,5,6,20,258,19,3,166
10077,42,0.3651486792420959,1,1,17,2,1,1,2,1,17,1,1,15,5,0,257,19,4,167
10078,42,0.34268882321037714,1,1,17,9,1,2,6,1,6,1,1,3,5,14,257,19,14,168
10079,42,0.362226315493335,1,1,17,2,1,1,2,1,10,1,1,7,5,14,257,19,1,169
10080,42,0.3751696795991723,1,1,17,2,1,1,2,1,47,1,1,13,5,15,257,19,1,170
10081,42,0.33332612857055166,1,1,17,2,1,2,2,1,18,9,31,6,5,18,257,19,3,171
10082,42,0.4374902336573365,1,1,17,9,1,2,6,1,6,1,1,3,5,20,257,19,2,172
10083,42,0.36720436303753556,1,1,17,2,1,1,2,1,3,1,1,4,5,21,257,19,1,173
10084,42,0.2561233417998188,1,1,17,2,1,1,2,1,3,1,1,4,5,21,257,19,0,174
10085,42,0.4250085675709827,1,1,17,2,1,1,2,1,85,1,59,6,5,21,257,19,1,175
10086,42,0.3817711597438203,1,1,17,2,1,1,2,1,15,1,2,5,5,22,257,19,0,176
10087,42,0.4276274227633381,1,3,17,5,1,1,6,1,9,1,1,2,5,22,257,19,0,177
10088,42,0.3039184734260679,1,1,17,2,1,2,2,1,18,9,31,6,3,15,255,19,41,178
10089,42,0.3816464621545643,1,1,17,2,1,2,2,1,18,9,31,6,3,20,255,19,5,179
10090,42,0.28116624811030133,1,1,17,2,1,2,2,1,18,9,31,6,7,14,252,19,65,180
10091,42,0.4401708770527852,1,1,17,9,1,2,6,1,6,1,1,3,3,21,248,2,103,181
10092,42,0.34453281910457295,1,1,17,9,1,2,6,1,6,1,1,3,3,22,248,2,1,182
10093,42,0.5286729679435271,1,3,17,5,1,1,6,1,9,1,1,2,1,9,247,2,11,183
10094,42,0.5168336566977262,1,1,17,2,1,1,2,1,54,1,1,12,1,10,247,2,1,184
10095,42,0.3279040207413354,1,1,17,2,1,1,2,1,3,1,1,4,1,10,247,2,0,185
10096,42,0.5433803570868453,3,4,17,4,2,1,3,2,2,1,1,2,1,14,247,2,4,186
10097,42,0.4779440811646806,1,2,17,3,1,1,6,1,2,1,1,2,1,14,247,2,0,187
10098,42,0.21483997010897676,1,1,17,2,1,1,2,1,4,1,1,3,1,19,247,2,4,188
10099,42,0.3529404207161305,1,1,17,9,1,2,6,1,6,1,1,3,2,15,246,2,20,189
10100,42,0.45054956601933205,1,1,17,2,1,1,2,1,7,1,1,5,7,19,245,2,28,190
10101,42,0.5210165853046836,1,1,17,2,1,1,2,1,41,1,43,10,7,21,245,2,1,191
10102,42,0.30341745320412217,1,1,17,2,1,1,2,1,1,1,1,1,6,18,244,44,21,192
10103,42,0.3280664344352475,1,1,17,13,1,2,6,1,42,1,1,11,5,1,243,44,7,193
10104,42,0.2881896392055454,1,1,17,2,1,2,2,1,18,9,31,6,4,17,242,44,40,194
10105,42,0.2297496088743847,1,1,17,2,1,2,2,1,18,9,31,6,3,21,241,44,28,195
10106,42,0.3978985484558824,1,1,17,2,1,2,2,1,61,1,1,2,3,18,227,4,333,196
10107,42,0.5043136062319842,1,2,17,3,1,1,6,1,2,1,1,2,3,20,227,4,2,197
10108,42,0.3046617146504016,1,1,17,2,1,1,2,1,3,1,1,4,3,21,227,4,0,198
10109,42,0.3363445046218684,1,1,17,2,1,2,2,1,42,1,1,11,1,7,226,4,10,199
10110,42,0.5515086418377738,1,1,17,2,1,2,2,1,9,1,30,2,1,16,226,4,9,200
10111,42,0.2255767321007905,1,1,17,9,1,2,6,1,100,1,1,27,1,16,226,4,1,201
10112,42,0.37987095926224823,1,1,17,2,1,1,2,1,25,1,1,6,1,19,226,4,2,202
10113,42,0.40773076612486814,1,1,17,2,1,1,2,1,5,1,1,4,1,20,226,4,1,203
10114,42,0.3687099577343924,1,1,17,2,1,1,2,1,10,1,1,7,1,21,226,4,1,204
10115,42,0.29170790135448915,1,1,17,2,1,1,2,1,3,1,1,4,1,21,226,4,0,205
10116,42,0.4480197753795863,1,1,17,16,1,2,6,1,36,1,1,11,2,0,225,4,3,206
10117,42,0.37638243827147555,1,1,17,2,1,2,2,1,86,1,163,19,2,10,225,4,10,207
10118,42,0.4420101320523898,1,1,17,2,1,1,2,1,108,1,1,17,2,12,225,4,2,208
10119,42,0.6849305236357713,1,2,17,3,1,1,6,1,2,1,1,2,2,12,225,4,0,209
10120,42,0.5168336566977262,1,2,17,3,1,1,6,1,2,1,1,2,2,12,225,4,0,210
10121,42,0.4878165246511169,1,1,17,2,1,1,2,1,108,1,1,17,2,12,225,4,0,211
10122,42,0.42247415689928075,1,1,17,2,1,1,2,1,5,1,1,4,2,21,225,4,8,212
10123,42,0.43413879999399885,1,1,17,2,1,1,2,1,47,1,1,13,2,21,225,4,1,213
10124,42,0.3307578844769813,1,1,17,2,1,1,2,1,1,1,1,1,2,22,225,4,1,214
10125,42,0.3364144284839669,1,1,17,2,1,1,2,1,1,1,1,1,2,23,225,4,1,215
10126,42,0.39297436036585864,1,1,17,2,1,1,2,1,7,1,1,5,7,0,224,4,1,216
10127,42,0.2898354784724562,1,1,17,2,1,2,2,1,61,1,1,2,7,13,224,4,13,217
10128,42,0.32887152560674554,1,1,17,2,1,1,2,1,3,1,1,4,7,14,224,4,0,218
10129,42,0.32887152560674554,1,1,17,2,1,1,2,1,3,1,1,4,7,14,224,4,0,219
10130,42,0.3707112045272602,1,1,17,2,1,1,2,1,1,1,1,1,7,15,224,4,2,220
10131,42,0.3429382186967854,1,1,17,2,1,1,2,1,5,1,2,4,7,18,224,4,2,221
10132,42,0.34453281910457295,1,1,17,9,1,2,6,1,6,1,1,3,7,19,224,4,1,222
10133,42,0.3367627467474713,1,1,17,9,1,2,6,1,6,1,1,3,7,19,224,4,0,223
10134,42,0.34453281910457295,1,1,17,9,1,2,6,1,6,1,1,3,7,19,224,4,0,224
10135,42,0.35135666859025216,1,1,17,9,1,2,6,1,6,1,1,3,7,19,224,4,0,225
10136,42,0.346318141230256,1,1,17,9,1,2,6,1,6,1,1,3,7,19,224,4,0,226
10137,42,0.3691094022986042,1,1,17,9,1,2,6,1,6,1,1,3,7,19,224,4,0,227
10138,42,0.346318141230256,1,1,17,9,1,2,6,1,6,1,1,3,7,22,224,4,2,228
10139,42,0.35568318399912796,1,1,17,2,1,1,2,1,6,1,1,3,6,8,223,7,11,229
10140,42,0.4492871471021893,1,2,17,3,1,1,6,1,2,1,1,2,6,12,223,7,3,230
10141,42,0.346318141230256,1,1,17,2,1,1,2,1,10,1,1,7,6,21,223,7,9,231
10142,42,0.434723578803388,1,1,17,2,1,1,2,1,1,1,1,1,6,22,223,7,1,232
10143,42,0.2584140227945348,1,1,17,2,1,1,2,1,6,1,1,3,6,22,223,7,0,233
10144,42,0.3757273377746237,1,1,17,9,1,2,6,1,6,1,1,3,5,9,222,7,11,234
10145,42,0.3590500655756334,1,1,17,2,1,1,2,1,6,1,1,3,5,21,222,7,13,235
10146,42,0.36160528584301666,1,1,17,9,1,2,6,1,6,1,1,3,4,10,221,7,13,236
10147,42,0.4023864621510839,1,2,17,3,1,1,6,1,2,1,1,2,4,12,221,7,2,237
10148,42,0.3654002084160376,1,1,17,2,1,1,2,1,3,1,1,4,4,12,221,7,0,238
10149,42,0.24995076343782377,1,1,17,2,1,1,2,1,3,1,1,4,4,13,221,7,0,239
10150,42,0.348048408590704,1,1,17,9,1,2,6,1,6,1,1,3,4,22,221,7,9,240
10151,42,0.35366448098246744,1,1,17,2,1,1,2,1,6,1,1,3,3,9,220,7,11,241
10152,42,0.32024816944507883,1,1,17,2,1,2,2,1,98,1,2,18,3,10,220,7,1,242
10153,42,0.38480180399505215,1,1,17,2,1,1,2,1,3,1,1,4,3,20,220,7,10,243
10154,42,0.3592364906377124,1,1,17,2,1,1,2,1,6,1,1,3,1,8,219,7,12,244
10155,42,0.4265484764876462,1,1,17,2,1,1,2,1,7,1,1,5,1,15,219,7,7,245
10156,42,0.28153909926329146,1,1,17,2,1,2,2,1,88,1,2,12,1,18,219,7,3,246
10157,42,0.28153909926329146,1,1,17,2,1,2,2,1,88,1,2,12,1,18,219,7,0,247
10158,42,0.42366747974526925,1,2,17,3,1,1,6,1,2,1,1,2,1,19,219,7,1,248
10159,42,0.28583014901511583,1,1,17,2,1,1,2,1,14,1,53,6,2,16,218,7,21,249
10160,42,0.34453281910457295,1,1,17,9,1,2,6,1,6,1,1,3,6,8,216,13,40,250
10161,42,0.4265442702066148,1,2,17,3,1,1,4,1,2,1,1,2,4,8,214,13,48,251
10162,42,0.19085442279370934,1,1,17,2,1,2,2,1,18,9,31,6,1,15,212,13,55,252
10163,42,0.2881896392055454,1,1,17,2,1,2,2,1,18,9,31,6,1,15,212,13,0,253
10164,42,0.3691094022986042,1,1,17,9,1,2,4,1,6,1,1,3,1,21,212,13,5,254
10165,42,0.3280664344352475,1,1,17,13,1,2,4,1,42,1,1,11,2,1,211,13,4,255
10166,42,0.4016903350863837,1,1,17,2,1,1,2,1,7,1,2,5,2,9,211,13,8,256
10167,42,0.41436982469197414,1,1,17,2,1,1,2,1,7,1,2,5,2,13,211,13,3,257
10168,42,0.34453281910457295,1,1,17,9,1,2,4,1,6,1,1,3,7,8,210,13,19,258
10169,42,0.3235073113221411,1,1,17,2,1,1,2,1,7,1,2,5,7,12,210,13,4,259
10170,42,0.3563729156759663,1,1,17,9,1,2,4,1,6,1,1,3,7,21,210,13,8,260
10171,42,0.36292774827758256,1,1,17,9,1,2,4,1,6,1,1,3,6,8,209,22,12,261
10172,42,0.305395240024642,1,1,17,9,1,2,4,1,6,1,1,3,6,19,209,22,10,262
10173,42,0.3519955433328097,1,1,17,2,1,1,2,1,3,1,1,4,6,19,209,22,1,263
10174,42,0.45566115039370686,1,1,17,2,1,1,2,1,1,1,1,1,5,21,208,22,26,264
10175,42,0.34218668212288045,1,1,17,2,1,2,2,1,15,1,1,5,4,8,207,22,11,265
10176,42,0.32741393996616813,1,1,17,2,1,1,2,1,3,1,1,4,4,19,207,22,10,266
10177,42,0.3039184734260679,1,1,17,2,1,1,2,1,7,1,72,5,4,21,207,22,2,267
10178,42,0.32887152560674554,1,1,17,2,1,1,2,1,34,1,1,12,4,21,207,22,0,268
10179,42,0.3429382186967854,1,1,17,2,1,1,2,1,3,1,1,4,4,21,207,22,0,269
10180,42,0.32153820078955087,1,1,17,2,1,1,2,1,1,1,1,1,3,0,206,22,3,270
10181,42,0.5109220915152267,1,2,17,3,1,1,4,1,2,1,1,2,3,12,206,22,13,271
10182,42,0.3272496239129626,1,1,17,2,1,1,2,1,42,1,1,11,3,14,206,22,2,272
10183,42,0.3319811240234727,1,1,17,2,1,1,2,1,3,1,1,4,3,19,206,22,5,273
10184,42,0.5168336566977262,1,2,51,7,1,1,1,1,2,1,1,2,1,13,205,22,19,274
10185,42,0.5168336566977262,1,2,51,7,1,1,1,1,2,1,1,2,1,13,205,22,0,275
10186,42,0.5168336566977262,1,2,51,7,1,1,1,1,2,1,1,2,1,13,205,22,0,276
10187,42,0.4265442702066148,1,2,17,3,1,1,4,1,2,1,1,2,1,14,205,22,0,277
10188,42,0.4356216895553237,1,1,17,2,1,1,2,1,7,1,53,5,1,19,205,22,6,278
10189,42,0.36275321036991975,1,1,17,2,1,1,2,1,3,1,2,4,2,18,204,22,23,279
10190,42,0.39973700583265065,1,1,17,2,1,1,2,1,34,1,2,12,2,18,204,22,0,280
10191,42,0.3805115357628734,1,1,17,2,1,1,2,1,32,1,2,10,2,18,204,22,0,281
10192,42,0.4047099134044389,1,1,17,2,1,1,2,1,5,1,1,4,6,23,202,10,53,282
10193,42,0.3568604416972314,1,1,17,2,1,1,2,1,6,1,1,3,5,0,201,10,1,283
10194,42,0.3475921955731282,1,1,17,2,1,1,2,1,6,1,1,3,5,8,201,10,8,284
10195,42,0.33332612857055166,1,1,17,2,1,2,2,1,18,9,31,6,5,11,201,10,3,285
10196,42,0.36800600370068065,1,1,17,2,1,1,2,1,3,1,1,4,5,19,201,10,8,286
10197,42,0.3352137078253434,1,1,17,2,1,1,2,1,3,1,1,4,5,19,201,10,0,287
10198,42,0.3876771200456198,1,2,17,3,1,1,4,1,2,1,1,2,3,12,199,10,41,288
10199,42,0.5120942580914707,1,1,17,2,1,1,2,1,39,1,1,7,3,19,199,10,6,289
10200,42,0.3183522495095494,1,1,17,2,1,1,2,1,1,1,1,1,3,23,199,10,4,290
10201,42,0.519571195521228,1,2,17,3,1,1,4,1,2,1,1,2,1,9,198,10,10,291
10202,42,0.4768106576167108,1,2,17,3,1,1,4,1,2,1,1,2,1,16,198,10,8,292
10203,42,0.4492871471021893,1,2,17,3,1,1,4,1,2,1,1,2,1,17,198,10,1,293
10204,42,0.3901768432505124,1,1,17,2,1,1,2,1,1,1,1,1,1,20,198,10,3,294
10205,42,0.3762795084497573,1,1,17,2,1,1,2,1,34,1,43,12,1,22,198,10,1,295
10206,42,0.35997605840506636,1,1,17,2,1,1,2,1,3,1,43,4,1,22,198,10,0,296
10207,42,0.33449521027445817,1,1,17,2,1,1,2,1,41,1,1,10,2,8,197,10,11,297
10208,42,0.4208432520465522,1,1,17,2,1,1,2,1,7,1,1,5,2,8,197,10,0,298
10209,42,0.36279689576883545,1,1,17,2,1,1,2,1,1,1,1,1,2,10,197,10,2,299
10210,42,0.42094590634109624,1,1,17,2,1,1,2,1,39,1,1,7,2,11,197,10,1,300
10211,42,0.4300236306195693,1,1,17,2,1,1,2,1,5,1,1,4,2,21,197,10,11,301
10212,42,0.3307578844769813,1,1,17,2,1,1,2,1,3,1,2,4,7,17,196,10,20,302
10213,42,0.37777054499569074,1,1,17,2,1,1,2,1,15,1,1,5,6,10,195,11,17,303
10214,42,0.42366747974526925,1,1,17,2,1,1,2,1,39,1,1,7,6,18,195,11,8,304
10215,42,0.28116624811030133,1,1,17,2,1,2,2,1,18,9,31,6,6,19,195,11,1,305
10216,42,0.3528362166154829,1,1,17,2,1,1,2,1,3,1,1,4,6,20,195,11,1,306
10217,42,0.2894946722589888,1,1,17,2,1,1,2,1,1,1,1,1,5,18,194,11,22,307
10218,42,0.2531218835053501,1,1,17,2,1,1,2,1,1,1,1,1,5,18,194,11,0,308
10219,42,0.4779440811646806,1,1,17,2,1,2,2,1,56,1,1,3,4,15,193,11,22,309
10220,42,0.3438024761430413,1,1,17,2,1,1,2,1,6,1,1,3,3,9,192,11,17,310
10221,42,0.43906011449663346,1,2,17,3,1,1,4,1,2,1,1,2,3,12,192,11,4,311
10222,42,0.28116624811030133,1,1,17,2,1,2,2,1,18,9,31,6,3,14,192,11,2,312
10223,42,0.24518672521212745,1,1,17,2,1,1,2,1,1,1,1,1,3,18,192,11,4,313
10224,42,0.37325863445587354,1,1,17,2,1,1,2,1,4,1,1,3,3,19,192,11,2,314
10225,42,0.36493890743864704,1,1,17,2,1,1,2,1,1,1,1,1,1,8,191,11,13,315
10226,42,0.43677036835172167,1,1,17,2,1,1,2,1,39,1,1,7,1,18,191,11,9,316
10227,42,0.37446472193457664,1,1,17,2,1,1,2,1,39,1,1,7,1,18,191,11,0,317
10228,42,0.19269438737269287,1,1,17,2,1,2,2,1,18,9,31,6,1,17,184,3,168,318
10229,42,0.2297496088743847,1,1,17,2,1,1,2,1,7,1,1,5,2,12,183,3,18,319
10230,42,0.40107736952920864,1,1,17,2,1,1,2,1,45,1,1,11,5,19,180,40,79,320
10231,42,0.4968216419774925,1,2,17,8,1,1,2,1,2,1,1,2,5,19,180,40,0,321
10232,42,0.29108440725018747,1,1,17,9,1,2,4,1,6,1,1,3,5,21,180,40,2,322
10233,42,0.3280664344352475,1,1,17,13,1,2,4,1,42,1,1,11,4,1,179,40,4,323
10234,42,0.37777054499569074,1,1,17,9,1,2,4,1,6,1,1,3,4,8,179,40,7,324
10235,42,0.28116624811030133,1,1,17,9,1,2,4,1,6,1,1,3,4,17,179,40,8,325
10236,42,0.2881896392055454,1,1,17,2,1,2,2,1,18,9,31,6,4,17,179,40,1,326
10237,42,0.305395240024642,1,1,17,9,1,2,4,1,6,1,1,3,4,18,179,40,1,327
10238,42,0.42847371983311766,1,1,17,2,1,1,2,1,35,1,1,9,4,19,179,40,0,328
10239,42,0.495113779363011,1,1,17,2,1,1,2,1,1,1,1,1,4,20,179,40,1,329
10240,42,0.34013193935413133,1,1,17,9,1,2,4,1,6,1,1,3,3,1,178,40,5,330
10241,42,0.3545818947477726,1,1,17,9,1,2,4,1,6,1,1,3,3,9,178,40,8,331
10242,42,0.3427013193449512,1,1,17,2,1,1,2,1,10,1,1,7,3,13,178,40,4,332
10243,42,0.30800565916121475,1,1,17,2,1,1,2,1,7,1,1,5,3,14,178,40,1,333
10244,42,0.28153909926329146,1,1,17,2,1,1,2,1,7,1,1,5,3,14,178,40,0,334
10245,42,0.36897656979694027,1,1,17,2,1,1,2,1,1,1,2,1,3,15,178,40,2,335
10246,42,0.38769281404434414,1,1,17,2,1,1,2,1,7,1,2,5,2,8,176,40,41,336
10247,42,0.25897237458612055,1,1,17,2,1,1,2,1,56,1,1,3,2,8,176,40,0,337
10248,42,0.28153909926329146,1,1,17,2,1,1,2,1,56,1,1,3,2,9,176,40,0,338
10249,42,0.4654254330729043,1,2,17,3,1,1,4,1,2,1,1,2,2,9,176,40,0,339
10250,42,0.305395240024642,1,3,17,5,1,1,4,1,9,1,1,2,2,9,176,40,0,340
10251,42,0.3098306620304514,1,1,17,2,1,2,2,1,18,9,31,6,2,9,176,40,0,341
10252,42,0.3388084371514805,1,1,17,9,1,2,4,1,6,1,1,3,2,15,176,40,6,342
10253,42,0.3787649105087235,1,1,17,9,1,2,4,1,6,1,1,3,2,17,176,40,1,343
10254,42,0.3279040207413354,1,1,17,2,1,1,2,1,3,1,1,4,2,17,176,40,1,344
10255,42,0.2901359808629712,1,1,17,2,1,1,2,1,3,1,1,4,2,17,176,40,0,345
10256,42,0.34453281910457295,1,1,17,9,1,2,4,1,6,1,1,3,2,19,176,40,2,346
10257,42,0.4188340722452487,1,1,17,2,1,1,2,1,7,1,1,5,2,20,176,40,1,347
10258,42,0.3615160035774461,1,1,17,2,1,1,2,1,3,1,2,4,2,22,176,40,2,348
10259,42,0.35027544261359417,1,1,17,2,1,1,2,1,10,1,1,7,2,23,176,40,1,349
10260,42,0.37856744206304,1,1,17,2,1,1,2,1,45,1,1,11,7,9,175,40,10,350
10261,42,0.3349274118365794,1,1,17,2,1,1,2,1,45,1,1,11,7,9,175,40,0,351
10262,42,0.3404501910943331,1,1,17,2,1,1,2,1,1,1,1,1,7,9,175,40,0,352
10263,42,0.34268882321037714,1,1,17,2,1,1,2,1,3,1,1,4,7,13,175,40,4,353
10264,42,0.25897237458612055,1,1,17,2,1,1,2,1,42,1,1,11,7,14,175,40,1,354
10265,42,0.452907486049819,1,1,17,2,1,1,2,1,26,1,1,14,7,18,175,40,4,355
10266,42,0.44958552675943,1,1,17,2,1,1,2,1,26,1,1,14,7,18,175,40,0,356
10267,42,0.33022982291864766,1,1,17,2,1,1,2,1,7,1,1,5,7,18,175,40,1,357
10268,42,0.388511749593196,1,1,17,2,1,2,2,1,59,1,2,19,6,12,174,6,17,358
10269,42,0.46943043726159317,1,1,17,2,1,1,2,1,57,1,1,9,6,22,174,6,11,359
10270,42,0.3704207144316783,1,1,17,2,1,1,2,1,3,1,1,4,6,23,174,6,0,360
10271,42,0.4234426926115686,1,1,17,2,1,1,2,1,7,1,1,5,5,0,173,6,1,361
10272,42,0.25897237458612055,1,1,17,2,1,1,2,1,56,1,1,3,5,0,173,6,0,362
10273,42,0.28153909926329146,1,1,17,2,1,1,2,1,56,1,1,3,5,0,173,6,0,363
10274,42,0.31639002538453637,1,3,17,5,1,1,4,1,9,1,1,2,5,15,173,6,15,364
10275,42,0.3338376749025804,1,1,17,2,1,1,2,1,3,1,1,4,5,23,173,6,7,365
10276,42,0.3738225979172548,1,1,17,2,1,1,2,1,41,1,1,10,5,23,173,6,1,366
10277,42,0.3218832945942675,1,1,17,2,1,1,2,1,41,1,1,10,5,23,173,6,0,367
10278,42,0.33813479290186066,1,1,17,2,1,1,2,1,1,1,1,1,4,12,172,6,12,368
10279,42,0.38360911526846975,1,1,17,2,1,1,2,1,102,1,1,6,4,18,172,6,7,369
10280,42,0.3315255283510029,1,1,17,2,1,1,2,1,1,1,1,1,4,19,172,6,0,370
10281,42,0.3247253350957912,1,1,17,2,1,1,2,1,3,1,1,4,4,21,172,6,2,371
10282,42,0.3876715139821681,1,1,17,2,1,1,2,1,67,1,1,1,3,8,171,6,11,372
10283,42,0.388511749593196,1,1,17,2,1,2,2,1,59,1,2,19,3,8,171,6,0,373
10284,42,0.4065418680066658,1,1,17,2,1,1,2,1,15,1,1,5,3,12,171,6,4,374
10285,42,0.28153909926329146,1,1,17,2,1,1,2,1,56,1,1,3,1,12,170,6,24,375
10286,42,0.25897237458612055,1,1,17,2,1,1,2,1,56,1,1,3,1,13,170,6,0,376
10287,42,0.25897237458612055,1,1,17,2,1,1,2,1,56,1,1,3,1,14,170,6,1,377
10288,42,0.28153909926329146,1,1,17,2,1,1,2,1,56,1,1,3,1,14,170,6,0,378
10289,42,0.3876771200456198,1,2,17,3,1,1,4,1,2,1,1,2,1,19,170,6,5,379
10290,42,0.47203313927248175,1,2,17,3,1,1,4,1,2,1,1,2,5,18,166,15,95,380
10291,42,0.32741393996616813,1,1,17,2,1,1,2,1,3,1,1,4,5,20,166,15,3,381
10292,42,0.4103975702605176,1,1,17,2,1,1,2,1,67,1,1,1,4,8,165,15,11,382
10293,42,0.388511749593196,1,1,17,2,1,2,2,1,59,1,2,19,4,8,165,15,0,383
10294,42,0.4173305953955699,1,1,17,2,1,1,2,1,57,1,1,9,4,19,165,15,11,384
10295,42,0.398963008843188,1,1,17,2,1,1,2,1,1,1,1,1,4,20,165,15,1,385
10296,42,0.3200614341909767,1,1,17,2,1,2,2,1,18,9,31,6,3,0,164,15,5,386
10297,42,0.41385430673833196,1,1,17,2,1,1,2,1,3,1,1,4,3,13,164,15,13,387
10298,42,0.3817711597438203,1,1,17,2,1,1,2,1,40,1,1,17,3,20,164,15,7,388
10299,42,0.38538877474538574,1,1,17,2,1,1,2,1,34,1,1,12,1,20,163,15,24,389
10300,42,0.3621380166677619,1,1,17,2,1,1,2,1,3,1,1,4,1,20,163,15,0,390
10301,42,0.2947255042795244,1,1,17,2,1,1,2,1,3,1,1,4,2,15,162,15,19,391
10302,42,0.2622106128928024,1,1,17,2,1,1,2,1,3,1,1,4,2,15,162,15,0,392
10303,42,0.3978985484558824,1,1,17,2,1,1,2,1,48,1,1,6,2,17,162,15,2,393
10304,42,0.31517888717345377,1,1,17,2,1,1,2,1,4,1,53,3,2,21,162,15,4,394
10305,42,0.32035247038974185,1,1,17,2,1,1,2,1,1,1,53,1,2,23,162,15,2,395
10306,42,0.32642074780707386,1,1,17,2,1,1,2,1,3,1,1,4,7,14,161,15,15,396
10307,42,0.41561459647552806,1,1,17,2,1,1,2,1,1,1,1,1,7,18,161,15,5,397
10308,42,0.3051517954255688,1,1,17,2,1,1,2,1,3,1,1,4,6,0,160,5,5,398
10309,42,0.2695723184207931,1,1,17,2,1,1,2,1,4,1,53,3,6,20,160,5,20,399
10310,42,0.3645957124507121,1,1,17,2,1,1,2,1,1,1,1,1,6,22,160,5,2,400
10311,42,0.3978985484558824,1,2,17,3,1,1,4,1,2,1,1,2,4,12,158,5,38,401
10312,42,0.2881896392055454,1,1,17,2,1,2,2,1,18,9,31,6,3,17,150,37,197,402
10313,42,0.4724059078626075,1,1,17,2,1,1,2,1,26,1,1,14,3,19,150,37,1,403
10314,42,0.3604333868702262,1,1,17,2,1,1,2,1,26,1,1,14,3,19,150,37,0,404
10315,42,0.2950185278804942,1,1,17,2,1,1,2,1,3,1,1,4,3,19,150,37,0,405
10316,42,0.3280664344352475,1,1,17,13,1,2,4,1,42,1,1,11,1,1,149,37,6,406
10317,42,0.3580135074483878,1,1,17,2,1,2,2,1,86,1,163,19,1,9,149,37,8,407
10318,42,0.3876771200456198,1,2,17,3,1,1,4,1,2,1,1,2,1,11,149,37,2,408
10319,42,0.4553095479503385,1,1,17,2,1,1,2,1,7,1,1,5,1,18,149,37,7,409
10320,42,0.3298226312926504,1,1,17,2,1,1,2,1,3,1,1,4,1,20,149,37,2,410
10321,42,0.30892557963363304,1,1,17,2,1,1,2,1,3,1,1,4,1,21,149,37,1,411
10322,42,0.2875255617263985,1,1,17,2,1,1,2,1,7,1,2,5,2,18,148,37,21,412
10323,42,0.414407436641373,1,1,17,2,1,1,2,1,7,1,2,5,2,18,148,37,0,413
10324,42,0.5395840117062823,1,1,17,2,1,1,2,1,55,1,1,13,2,20,148,37,2,414
10325,42,0.27887556711558537,1,1,17,2,1,1,2,1,1,1,2,1,2,22,148,37,2,415
10326,42,0.3363445046218684,1,1,17,2,1,1,2,1,72,1,1,14,7,13,147,37,15,416
10327,42,0.3657319023757774,1,1,17,2,1,1,2,1,1,1,1,1,7,13,147,37,0,417
10328,42,0.2978675606667959,1,1,17,2,1,1,2,1,1,1,1,1,7,13,147,37,0,418
10329,42,0.27525405950591786,1,1,17,2,1,1,2,1,1,1,1,1,7,16,147,37,3,419
10330,42,0.3388084371514805,1,1,17,2,1,1,2,1,3,1,1,4,7,17,147,37,1,420
10331,42,0.28685353103455696,1,1,17,2,1,1,2,1,3,1,1,4,7,17,147,37,0,421
10332,42,0.388511749593196,1,1,17,2,1,2,2,1,59,1,2,19,6,8,146,23,15,422
10333,42,0.3876771200456198,1,2,17,3,1,1,4,1,2,1,1,2,6,9,146,23,1,423
10334,42,0.3615070675328261,1,1,17,2,1,1,2,1,7,1,1,5,5,0,145,23,15,424
10335,42,0.33478371421112907,1,1,17,2,1,1,2,1,3,1,1,4,5,14,145,23,14,425
10336,42,0.3236829418006443,1,1,17,2,1,1,2,1,3,1,1,4,5,20,145,23,6,426
10337,42,0.3598841437373851,1,1,17,2,1,2,2,1,59,1,2,19,4,10,144,23,14,427
10338,42,0.4492871471021893,1,2,17,3,1,1,4,1,2,1,1,2,4,12,144,23,3,428
10339,42,0.46254790483886155,1,2,17,3,1,1,4,1,2,1,1,2,4,12,144,23,0,429
10340,42,0.25897237458612055,1,1,17,2,1,2,2,1,42,1,2,11,4,14,144,23,2,430
10341,42,0.4563083383427963,1,2,17,3,1,1,4,1,2,1,1,2,4,16,144,23,2,431
10342,42,0.3167879979184526,1,1,17,2,1,1,2,1,3,1,1,4,4,20,144,23,4,432
10343,42,0.25373515618965214,1,1,17,2,1,1,2,1,3,1,1,4,3,13,143,23,17,433
10344,42,0.37948307367116413,1,1,17,2,1,1,2,1,3,1,1,4,3,13,143,23,1,434
10345,42,0.46948264837684905,1,4,17,4,2,1,3,2,2,1,1,2,3,13,143,23,0,435
10346,42,0.3978817257836271,1,1,17,2,1,1,2,1,7,1,1,5,3,19,143,23,6,436
10347,42,0.4449745467143825,1,1,17,2,1,1,2,1,3,1,1,4,1,16,142,23,21,437
10348,42,0.4245025015102111,1,1,17,2,1,2,2,1,59,1,2,19,1,19,142,23,3,438
10349,42,0.4317623272943523,1,1,17,2,1,1,2,1,57,1,1,9,1,20,142,23,1,439
10350,42,0.3743226613724408,1,1,17,2,1,1,2,1,3,1,1,4,1,21,142,23,1,440
10351,42,0.4781568673590664,1,1,17,2,1,1,2,1,55,1,1,13,1,22,142,23,1,441
10352,42,0.25897237458612055,1,1,17,2,1,1,2,1,56,1,1,3,2,20,141,23,22,442
10353,42,0.28153909926329146,1,1,17,2,1,1,2,1,56,1,1,3,2,20,141,23,0,443
10354,42,0.3298226312926504,1,1,17,2,1,1,2,1,3,1,1,4,2,22,141,23,2,444
10355,42,0.24447188889453703,1,1,17,2,1,1,2,1,3,1,1,4,2,22,141,23,0,445
10356,42,0.37856744206304,1,1,17,2,1,1,2,1,3,1,1,4,2,22,141,23,0,446
10357,42,0.311161488645403,1,1,17,2,1,1,2,1,10,1,1,7,7,9,140,23,11,447
10358,42,0.4053272341746433,1,1,17,2,1,1,2,1,7,1,1,5,7,10,140,23,1,448
10359,42,0.39502274110304625,1,1,17,2,1,1,2,1,3,1,1,4,7,15,140,23,5,449
10360,42,0.3367627467474713,1,1,17,9,1,2,4,1,6,1,1,3,7,16,140,23,1,450
10361,42,0.28443594333198424,1,1,17,9,1,2,4,1,6,1,1,3,7,16,140,23,0,451
10362,42,0.3100546698811235,1,1,17,2,1,1,2,1,3,1,1,4,7,17,140,23,1,452
10363,42,0.2561233417998188,1,1,17,2,1,1,2,1,3,1,1,4,7,17,140,23,0,453
10364,42,0.2672241142103036,1,1,17,2,1,1,2,1,3,1,1,4,6,0,139,9,6,454
10365,42,0.28153909926329146,1,1,17,2,1,1,2,1,56,1,1,3,6,0,139,9,0,455
10366,42,0.37087631010414807,1,1,17,2,1,1,2,1,41,1,1,10,6,8,139,9,8,456
10367,42,0.3817711597438203,1,1,17,2,1,2,2,1,20,1,2,11,6,10,139,9,2,457
10368,42,0.32024816944507883,1,1,17,2,1,2,2,1,42,1,2,11,6,10,139,9,0,458
10369,42,0.25897237458612055,1,1,17,2,1,1,2,1,56,1,1,3,6,20,139,9,10,459
10370,42,0.324119627989507,1,1,17,2,1,1,2,1,4,1,2,3,6,20,139,9,0,460
10371,42,0.3096057563503235,1,1,17,2,1,1,2,1,3,1,1,4,5,8,138,9,12,461
10372,42,0.3379990881390509,1,1,17,2,1,1,2,1,3,1,1,4,5,16,138,9,8,462
10373,42,0.3488379638169017,1,2,17,3,1,1,4,1,2,1,1,2,5,18,138,9,2,463
10374,42,0.5168336566977262,1,2,17,8,1,1,2,1,2,1,1,2,5,19,138,9,1,464
10375,42,0.4049576572597258,1,1,17,2,1,1,2,1,1,1,1,1,5,21,138,9,1,465
10376,42,0.23594166784482848,1,1,17,2,1,1,2,1,3,1,1,4,4,0,137,9,3,466
10377,42,0.4227832721153228,1,1,17,2,1,1,2,1,7,1,1,5,4,8,137,9,8,467
10378,42,0.4254111899702809,1,1,17,2,1,1,2,1,39,1,1,7,4,12,137,9,4,468
10379,42,0.3871137228221316,1,1,17,2,1,1,2,1,39,1,1,7,4,12,137,9,0,469
10380,42,0.3062869117851369,1,1,17,2,1,1,2,1,7,1,1,5,4,19,137,9,7,470
10381,42,0.41098714212216547,1,1,17,2,1,1,2,1,3,1,1,4,3,12,136,9,17,471
10382,42,0.3363445046218684,1,1,17,2,1,1,2,1,3,1,1,4,3,22,136,9,10,472
10383,42,0.4065418680066658,1,2,17,3,1,1,4,1,2,1,1,2,1,11,135,9,13,473
10384,42,0.5035122455979758,1,7,17,8,1,1,2,1,108,1,1,2,1,13,135,9,2,474
10385,42,0.25897237458612055,1,1,17,2,1,1,2,1,56,1,1,3,2,0,134,9,10,475
10386,42,0.28153909926329146,1,1,17,2,1,1,2,1,56,1,1,3,2,0,134,9,0,476
10387,42,0.2973092088752101,1,1,17,2,1,1,2,1,3,1,1,4,7,9,133,9,33,477
10388,42,0.25250183419015126,1,1,17,2,1,1,2,1,7,1,1,5,7,16,133,9,7,478
10389,42,0.33288136619929115,1,1,17,2,1,1,2,1,41,1,1,10,7,20,133,9,4,479
10390,42,0.3193783148393761,1,1,17,2,1,2,2,1,59,1,2,19,6,9,132,14,13,480
10391,42,0.41041065630473633,1,4,17,4,2,1,3,2,2,1,1,2,6,13,132,14,3,481
10392,42,0.3996600847896623,1,1,17,2,1,2,2,1,59,1,2,19,6,17,132,14,4,482
10393,42,0.49840219688439424,1,4,27,4,2,1,3,2,2,1,1,2,2,9,127,14,111,483
10394,42,0.4265442702066148,1,4,27,4,2,1,3,2,2,1,1,2,2,17,127,14,9,484
10395,42,0.31911832136771245,1,1,55,1,1,1,1,1,3,1,1,4,2,18,127,14,1,485
10396,42,0.3100546698811235,1,1,55,1,1,1,1,1,3,1,1,4,2,18,127,14,0,486
10397,42,0.4779440811646806,1,1,55,1,1,2,1,1,56,1,1,3,2,20,127,14,2,487
10398,42,0.33013611753855354,1,1,55,1,1,1,1,1,3,1,1,4,2,22,127,14,1,488
10399,42,0.43906011449663346,1,1,55,1,1,1,1,1,28,1,1,16,7,13,126,14,15,489
10400,42,0.40553150776052527,1,1,55,2,1,1,2,1,3,1,1,4,7,14,126,14,1,490
10401,42,0.5850863841455773,1,1,55,1,1,2,1,1,21,1,2,6,7,19,126,14,6,491
10402,42,0.34268882321037714,1,1,55,1,1,1,1,1,3,1,1,4,7,21,126,14,1,492
10403,42,0.4073767340856867,1,1,55,1,1,1,1,1,7,1,1,5,7,23,126,14,2,493
10404,42,0.505699033772064,1,1,55,1,1,2,1,1,59,1,1,19,6,8,125,12,10,494
10405,42,0.48379901584546786,1,1,55,1,1,2,1,1,9,1,1,2,6,10,125,12,1,495
10406,42,0.3488379638169017,1,1,55,9,1,2,4,1,28,1,1,16,6,13,125,12,3,496
10407,42,0.4774780701623629,1,1,55,9,1,2,4,1,28,1,1,16,6,13,125,12,0,497
10408,42,0.47850843173316016,1,1,55,9,1,2,4,1,28,1,1,16,6,13,125,12,0,498
10409,42,0.4563083383427963,1,1,55,16,1,2,4,1,36,1,1,11,6,13,125,12,0,499
10410,42,0.311815250122669,1,1,55,1,1,1,1,1,3,1,1,4,6,20,125,12,7,500
10411,42,0.3236829418006443,1,1,55,1,1,1,1,1,3,1,1,4,6,20,125,12,0,501
10412,42,0.49350335406289836,1,1,55,1,1,1,1,1,57,1,1,9,6,21,125,12,1,502
10413,42,0.4023864621510839,1,1,55,1,1,1,1,1,15,1,1,5,6,22,125,12,1,503
10414,42,0.3063585923042387,1,1,55,1,1,1,1,1,4,1,1,3,5,8,124,12,10,504
10415,42,0.4585719540689725,1,1,55,1,1,1,1,1,39,1,1,7,5,18,124,12,10,505
10416,42,0.3429382186967854,1,1,55,1,1,1,1,1,7,1,1,5,5,19,124,12,1,506
10417,42,0.4132889226900702,1,1,55,1,1,1,1,1,1,1,1,1,5,20,124,12,1,507
10418,42,0.38282004807827924,1,1,55,1,1,1,1,1,3,1,1,4,5,20,124,12,0,508
10419,42,0.27729478956587317,1,1,55,1,1,1,1,1,3,1,1,4,5,20,124,12,0,509
10420,42,0.4087461608672382,1,1,55,1,1,2,1,1,21,1,1,6,4,10,123,12,14,510
10421,42,0.5208392406385253,1,1,55,1,1,1,1,1,26,1,1,14,4,18,123,12,8,511
10422,42,0.4832912862498381,1,1,55,1,1,1,1,1,7,1,1,5,4,18,123,12,0,512
10423,42,0.3430003947608454,1,1,55,1,1,1,1,1,1,1,1,1,4,20,123,12,2,513
10424,42,0.39302993155126226,1,1,55,1,1,1,1,1,7,1,1,5,4,21,123,12,0,514
10425,42,0.4148992883723282,1,1,55,1,1,1,1,1,5,1,1,4,4,22,123,12,2,515
10426,42,0.43630098968790804,1,1,55,1,1,1,1,1,26,1,1,14,3,18,122,12,20,516
10427,42,0.41927919021576066,1,1,55,1,1,1,1,1,5,1,1,4,1,13,121,12,19,517
10428,42,0.3394740901775684,1,1,55,1,1,1,1,1,3,1,1,4,1,19,121,12,6,518
10429,42,0.47986325745436936,1,1,27,2,1,1,2,1,15,1,1,5,1,20,121,12,1,519
10430,42,0.3280664344352475,1,1,17,13,1,2,4,1,42,1,1,11,2,1,120,12,5,520
10431,42,0.29170790135448915,1,1,27,2,1,1,2,1,76,1,53,1,2,15,120,12,13,521
10432,42,0.311815250122669,1,1,27,2,1,1,2,1,3,1,43,4,2,15,120,12,0,522
10433,42,0.3024017894208146,1,1,27,2,1,1,2,1,3,1,43,4,2,15,120,12,0,523
10434,42,0.2901359808629712,1,1,27,2,1,1,2,1,3,1,43,4,2,15,120,12,0,524
10435,42,0.2881896392055454,1,1,17,2,1,2,2,1,18,9,31,6,2,15,120,12,0,525
10436,42,0.5108597150169484,1,1,27,2,1,1,2,1,57,1,1,9,2,16,120,12,1,526
10437,42,0.2894946722589888,1,1,27,2,1,1,2,1,1,1,1,1,2,17,120,12,1,527
10438,42,0.4846019469775758,1,1,55,1,1,1,1,1,108,1,1,7,2,18,120,12,0,528
10439,42,0.47783176348892464,1,1,55,1,1,1,1,1,35,1,1,9,2,18,120,12,0,529
10440,42,0.37702997898253604,1,1,55,1,1,1,1,1,1,1,1,1,2,19,120,12,1,530
10441,42,0.39644455296656683,1,1,55,1,1,1,1,1,7,1,1,5,2,20,120,12,0,531
10442,42,0.3521013188440043,1,1,27,2,1,1,2,1,55,1,1,13,7,14,119,12,18,532
10443,42,0.4208218291383633,1,1,55,1,1,1,1,1,3,1,1,4,6,12,118,41,22,533
10444,42,0.2243546026598334,1,1,27,2,1,1,2,1,1,1,1,1,6,12,118,41,0,534
10445,42,0.4865122665619772,1,1,55,1,1,1,1,1,55,1,1,13,6,21,118,41,9,535
10446,42,0.4121190185246896,1,1,27,2,1,1,2,1,7,1,1,5,5,19,117,41,23,536
10447,42,0.3250685403985419,1,1,27,2,1,1,2,1,3,1,1,4,5,20,117,41,0,537
10448,42,0.3428136595067433,1,1,27,2,1,1,2,1,45,1,1,11,4,13,116,41,17,538
10449,42,0.34193391641587506,1,1,27,2,1,1,2,1,3,1,1,4,4,13,116,41,0,539
10450,42,0.3363445046218684,1,1,17,2,1,2,2,1,42,1,2,11,4,14,116,41,1,540
10451,42,0.5162697499113479,1,2,27,3,1,1,4,1,2,1,1,2,4,19,116,41,5,541
10452,42,0.39306100702145447,1,1,27,2,1,1,2,1,7,1,1,5,4,20,116,41,1,542
10453,42,0.43665807502568244,1,1,55,1,1,1,1,1,76,1,53,1,4,21,116,41,1,543
10454,42,0.42967039261882173,1,1,27,2,1,1,2,1,7,1,1,5,1,8,114,41,35,544
10455,42,0.47905506364463324,1,2,27,3,1,1,4,1,2,1,1,2,1,12,114,41,4,545
10456,42,0.3563729156759663,1,1,27,2,1,1,2,1,3,1,1,4,1,13,114,41,0,546
10457,42,0.4492871471021893,1,2,27,3,1,1,4,1,2,1,1,2,1,17,114,41,4,547
10458,42,0.37331803800587693,1,1,55,1,1,1,1,1,34,1,1,12,1,19,114,41,2,548
10459,42,0.33013611753855354,1,1,27,2,1,1,2,1,3,1,1,4,1,19,114,41,0,549
10460,42,0.344168835825732,1,1,27,2,1,1,2,1,3,1,1,4,1,19,114,41,0,550
10461,42,0.3607060055055872,1,1,27,2,1,1,2,1,3,1,1,4,2,13,113,41,18,551
10462,42,0.33391371396116953,1,1,27,2,1,1,2,1,1,1,1,1,2,15,113,41,2,552
10463,42,0.34950599423128137,1,1,27,2,1,1,2,1,3,1,79,4,2,19,113,41,4,553
10464,42,0.4483443512000282,1,1,55,2,1,1,2,1,47,1,79,13,2,19,113,41,0,554
10465,42,0.2947255042795244,1,1,55,2,1,1,2,1,47,1,79,13,2,19,113,41,0,555
10466,42,0.5006177077193201,1,1,55,1,1,1,1,1,16,1,79,9,2,20,113,41,1,556
10467,42,0.329190355396714,1,1,27,2,1,1,2,1,3,1,79,4,2,21,113,41,0,557
10468,42,0.3700382051654264,1,1,55,1,1,1,1,1,34,1,1,12,2,21,113,41,1,558
10469,42,0.46802883928788147,1,1,55,1,1,1,1,1,15,1,1,5,7,1,112,41,3,559
10470,42,0.4172644623389192,1,1,55,1,1,1,1,1,15,1,1,5,7,1,112,41,0,560
10471,42,0.3999626349748942,1,1,27,2,1,1,2,1,10,1,1,7,7,1,112,41,1,561
10472,42,0.42662833597825245,1,1,27,2,1,1,2,1,5,1,2,4,7,16,112,41,15,562
10473,42,0.3904122565678752,1,1,27,2,1,1,2,1,15,1,1,5,7,19,112,41,3,563
10474,42,0.5020889288756651,1,1,55,1,1,1,1,1,45,1,1,11,6,13,111,16,18,564
10475,42,0.2958885281304537,1,1,27,2,1,1,2,1,7,1,1,5,5,8,110,16,19,565
10476,42,0.4120319189463592,1,1,27,2,1,1,2,1,7,1,1,5,5,8,110,16,0,566
10477,42,0.4090867079864877,1,1,55,2,1,1,2,1,3,1,1,4,5,20,110,16,12,567
10478,42,0.28153909926329146,1,1,27,2,1,1,2,1,56,1,1,3,5,22,110,16,2,568
10479,42,0.38760251355134434,1,1,27,2,1,1,2,1,7,1,1,5,5,22,110,16,0,569
10480,42,0.33332612857055166,1,1,17,2,1,2,2,1,18,9,31,6,4,12,109,16,14,570
10481,42,0.31538256758609406,1,1,55,1,1,1,1,1,3,1,1,4,4,14,109,16,1,571
10482,42,0.30892557963363304,1,1,55,1,1,1,1,1,3,1,1,4,4,14,109,16,0,572
10483,42,0.2611518288009644,1,1,55,1,1,1,1,1,3,1,1,4,4,21,109,16,8,573
10484,42,0.4049164425005663,1,1,55,1,1,1,1,1,20,1,1,11,3,13,108,16,16,574
10485,42,0.5002720666913867,1,1,55,1,1,2,1,1,108,1,1,14,3,16,108,16,3,575
10486,42,0.3262551681779748,1,1,55,1,1,1,1,1,3,1,1,4,1,13,107,16,21,576
10487,42,0.31921334915007266,1,1,55,1,1,1,1,1,1,1,1,1,1,13,107,16,0,577
10488,42,0.2877588838591192,1,1,55,1,1,1,1,1,10,1,1,7,1,13,107,16,0,578
10489,42,0.3506020035279163,1,1,27,2,1,1,2,1,3,1,1,4,1,20,107,16,7,579
10490,42,0.38300312782330387,1,1,27,2,1,1,2,1,34,1,2,12,1,20,107,16,0,580
10491,42,0.36178342533254015,1,1,27,2,1,1,2,1,32,1,2,10,1,21,107,16,0,581
10492,42,0.43776643056641706,1,1,27,2,1,1,2,1,39,1,1,7,1,23,107,16,2,582
10493,42,0.4142100414241213,1,1,27,2,1,1,2,1,7,1,1,5,2,11,106,16,12,583
10494,42,0.3167879979184526,1,1,27,2,1,1,2,1,7,1,2,5,2,15,106,16,4,584
10495,42,0.3041673159273216,1,1,27,2,1,1,2,1,7,1,2,5,2,16,106,16,0,585
10496,42,0.4100355620466043,1,1,27,2,1,1,2,1,5,1,1,4,2,23,106,16,8,586
10497,42,0.3306030874351645,1,5,27,22,2,1,2,2,26,1,1,14,7,0,105,16,0,587
10498,42,0.3952681017566417,1,1,55,1,1,1,1,1,55,1,1,13,7,15,105,16,15,588
10499,42,0.37177655227996653,1,1,27,2,1,1,2,1,3,1,79,4,7,15,105,16,0,589
10500,42,0.439132761976359,1,1,27,2,1,1,2,1,1,1,1,1,7,20,105,16,5,590
10501,42,0.42941412308386284,1,1,27,2,1,1,2,1,26,1,1,14,7,21,105,16,0,591
10502,42,0.30162779243135196,1,1,27,2,1,1,2,1,26,1,1,14,7,21,105,16,0,592
10503,42,0.4148875536132363,1,1,27,2,1,1,2,1,7,1,1,5,7,21,105,16,1,593
10504,42,0.4221718183873111,1,1,55,1,1,1,1,1,47,1,1,13,6,13,104,29,16,594
10505,42,0.3531482501836046,1,1,27,2,1,1,2,1,3,1,1,4,6,21,104,29,7,595
10506,42,0.4926637717710177,1,2,27,3,1,1,4,1,2,1,1,2,6,21,104,29,0,596
10507,42,0.2973092088752101,1,1,27,2,1,1,2,1,5,1,1,4,6,21,104,29,1,597
10508,42,0.4277373422736538,1,1,55,1,1,1,1,1,5,1,1,4,4,20,102,29,46,598
10509,42,0.4101611226043451,1,1,55,1,1,1,1,1,7,1,1,5,4,20,102,29,1,599
10510,42,0.37446472193457664,1,1,55,1,1,1,1,1,108,1,1,17,3,21,101,29,24,600
10511,42,0.47792163560755213,1,1,55,1,1,1,1,1,57,1,1,9,3,21,101,29,0,601
10512,42,0.3143566908952109,1,1,55,1,1,1,1,1,34,1,1,12,1,20,100,29,23,602
10513,42,0.348048408590704,1,1,55,1,1,1,1,1,3,1,1,4,1,20,100,29,0,603
10514,42,0.3551852757449896,1,1,55,1,1,1,1,1,3,1,1,4,1,21,100,29,0,604
10515,42,0.32061978598256247,1,1,55,1,1,1,1,1,1,1,1,1,2,0,99,29,3,605
10516,42,0.39484492139711225,1,1,27,2,1,1,2,1,7,1,1,5,2,12,99,29,12,606
10517,42,0.3486146324649623,1,1,27,2,1,1,2,1,3,1,2,4,2,13,99,29,1,607
10518,42,0.4427502921042961,1,1,55,1,1,1,1,1,1,1,1,1,2,16,99,29,2,608
10519,42,0.3133960276723812,1,1,55,1,1,1,1,1,1,1,1,1,2,16,99,29,0,609
10520,42,0.3772329227555472,1,1,55,1,1,1,1,1,4,1,1,3,2,16,99,29,0,610
10521,42,0.4184136036142538,1,1,27,2,1,1,2,1,1,1,1,1,7,14,98,29,22,611
10522,42,0.40151713582449006,1,1,27,2,1,1,2,1,3,1,1,4,7,17,98,29,3,612
10523,42,0.3978985484558824,1,1,55,1,1,1,1,1,15,1,1,5,3,0,94,17,79,613
10524,42,0.41524333538556424,1,1,55,1,1,2,1,1,86,1,163,19,3,1,94,17,2,614
10525,42,0.2297496088743847,1,1,17,2,1,2,2,1,18,9,31,6,3,9,94,17,8,615
10526,42,0.3260857385011351,1,1,27,2,1,1,2,1,3,1,1,4,3,19,94,17,10,616
10527,42,0.32540965933397903,1,1,55,1,1,1,1,1,3,1,1,4,1,18,93,17,23,617
10528,42,0.3592364906377124,1,1,55,1,1,1,1,1,1,1,53,1,1,20,93,17,2,618
10529,42,0.23759219542474336,1,1,55,1,1,1,1,1,1,1,24,1,2,21,92,17,25,619
10530,42,0.19269438737269287,1,1,55,1,1,1,1,1,10,1,1,7,2,23,92,17,2,620
10531,42,0.3024017894208146,1,1,55,1,1,1,1,1,7,1,1,5,6,21,90,49,46,621
10532,42,0.2881896392055454,1,1,17,2,1,2,2,1,18,9,31,6,4,17,88,49,45,622
10533,42,0.4768106576167108,1,2,27,3,1,1,4,1,2,1,1,2,4,18,88,49,0,623
10534,42,0.38821992889906226,1,1,17,2,1,1,2,1,7,1,24,5,4,20,88,49,2,624
10535,42,0.27441652318053933,1,1,17,2,1,1,2,1,7,1,24,5,4,20,88,49,0,625
10536,42,0.33044786218521777,1,1,17,2,1,1,2,1,3,1,1,4,4,20,88,49,0,626
10537,42,0.23919555856223199,1,1,17,2,1,1,2,1,3,1,1,4,4,20,88,49,0,627
10538,42,0.38145889465265803,1,1,27,2,1,1,2,1,1,1,1,1,4,22,88,49,2,628
10539,42,0.3280664344352475,1,1,17,13,1,2,4,1,42,1,1,11,3,1,87,49,3,629
10540,42,0.388511749593196,1,1,17,2,1,2,2,1,59,1,2,19,3,7,87,49,6,630
10541,42,0.41524333538556424,1,1,55,1,1,2,1,1,86,1,163,19,3,9,87,49,2,631
10542,42,0.3200614341909767,1,1,55,1,1,2,1,1,86,1,163,19,3,9,87,49,0,632
10543,42,0.390305372931611,1,1,55,1,1,1,1,1,1,1,1,1,3,11,87,49,2,633
10544,42,0.3363445046218684,1,1,17,2,1,2,2,1,42,1,2,11,1,14,86,49,27,634
10545,42,0.38538877474538574,1,1,55,1,1,1,1,1,34,1,1,12,1,19,86,49,5,635
10546,42,0.27729478956587317,1,1,55,1,1,1,1,1,3,1,1,4,2,20,85,49,26,636
10547,42,0.37481830780566294,1,1,55,1,1,1,1,1,3,1,1,4,2,21,85,49,1,637
10548,42,0.4950409366504234,1,1,27,2,1,1,2,1,26,1,2,14,2,21,85,49,1,638
10549,42,0.32966522896763917,1,1,55,1,1,1,1,1,5,1,79,4,2,23,85,49,1,639
10550,42,0.24727816823719112,1,1,55,1,1,1,1,1,3,1,79,4,2,23,85,49,0,640
10551,42,0.4139596849703774,1,1,27,2,1,1,2,1,25,1,1,6,7,12,84,49,13,641
10552,42,0.378699164874872,1,1,27,2,1,1,2,1,3,1,1,4,7,12,84,49,0,642
10553,42,0.2973092088752101,1,1,27,2,1,1,2,1,3,1,1,4,7,12,84,49,0,643
10554,42,0.3876771200456198,1,1,27,2,1,1,2,1,67,1,1,1,6,8,83,25,20,644
10555,42,0.5551621021717528,1,2,27,3,1,1,4,1,2,1,1,2,6,13,83,25,5,645
10556,42,0.3952127440076772,1,1,17,2,1,2,2,1,46,3,96,20,4,12,81,25,48,646
10557,42,0.4446895190447479,1,1,17,2,1,2,2,1,46,3,96,20,4,12,81,25,0,647
10558,42,0.3705174579485962,1,1,17,2,1,2,2,1,46,3,96,20,4,12,81,25,0,648
10559,42,0.4779440811646806,1,4,27,4,2,1,3,2,2,1,1,2,4,18,81,25,6,649
10560,42,0.32024816944507883,1,2,27,3,1,1,4,1,2,1,1,2,4,18,81,25,0,650
10561,42,0.3772329227555472,1,3,17,5,1,1,4,1,9,1,1,2,5,20,75,27,146,651
10562,42,0.40882082033276235,1,1,27,2,1,1,2,1,67,1,1,1,4,8,74,27,12,652
10563,42,0.5014357089696383,1,2,27,3,1,1,4,1,2,1,1,2,3,12,73,27,28,653
10564,42,0.39003726973610603,1,1,27,2,1,1,2,1,1,1,1,1,1,22,72,27,34,654
10565,42,0.41651504471737955,1,1,27,2,1,1,2,1,7,1,72,5,2,23,71,27,25,655
10566,42,0.4265442702066148,1,2,27,3,1,1,4,1,2,1,1,2,7,12,70,27,13,656
10567,42,0.38269766222371665,1,1,27,2,1,1,2,1,3,1,1,4,7,14,70,27,2,657
10568,42,0.47738023104191524,1,1,27,2,1,1,2,1,69,1,1,24,7,20,70,27,5,658
10569,42,0.3792229856408881,1,1,27,2,1,1,2,1,34,1,1,12,7,20,70,27,0,659
10570,42,0.37273578746854014,1,1,27,2,1,1,2,1,1,1,1,1,7,23,70,27,3,660
10571,42,0.31873659273864335,1,1,27,2,1,1,2,1,3,1,1,4,6,23,69,26,24,661
10572,42,0.3120314888953625,1,1,27,2,1,1,2,1,4,1,1,3,5,20,68,26,21,662
10573,42,0.22063003920471996,1,1,27,2,1,1,2,1,4,1,1,3,5,20,68,26,0,663
10574,42,0.3100546698811235,1,1,27,2,1,1,2,1,1,1,1,1,5,21,68,26,1,664
10575,42,0.4148309161653569,1,1,27,2,1,2,2,1,46,3,55,20,4,1,67,26,4,665
10576,42,0.2825810365870407,1,1,27,2,1,2,2,1,46,3,55,20,4,1,67,26,0,666
10577,42,0.32879153430015184,1,1,27,2,1,2,2,1,46,3,96,20,4,1,67,26,0,667
10578,42,0.332582887346218,1,1,27,2,1,2,2,1,46,3,96,20,4,1,67,26,0,668
10579,42,0.4002003670228844,1,1,27,2,1,1,2,1,7,1,1,5,4,20,67,26,19,669
10580,42,0.32540965933397903,1,1,27,2,1,1,2,1,30,1,1,10,3,12,66,26,16,670
10581,42,0.32540965933397903,1,1,27,2,1,1,2,1,30,1,1,10,3,20,66,26,8,671
10582,42,0.3751696795991723,1,1,9,1,1,1,1,1,15,1,1,5,5,20,61,45,120,672
10583,42,0.2297496088743847,1,1,17,2,1,2,2,1,18,9,31,6,4,11,60,45,15,673
10584,42,0.5432052855231654,1,2,9,3,1,1,4,1,2,1,1,2,4,13,60,45,2,674
10585,42,0.3485808871894757,1,5,55,17,2,2,1,2,21,1,1,6,4,17,60,45,4,675
10586,42,0.316589364464764,1,1,9,1,1,1,1,1,3,1,1,4,4,20,60,45,3,676
10587,42,0.31172852075134944,1,1,9,1,1,1,1,1,1,1,1,1,4,20,60,45,0,677
10588,42,0.3280664344352475,1,1,17,13,1,2,4,1,42,1,1,11,3,1,59,45,5,678
10589,42,0.2881896392055454,1,1,17,2,1,2,2,1,18,9,31,6,3,15,59,45,14,679
10590,42,0.4779440811646806,1,1,9,1,1,2,1,1,56,1,1,3,3,17,59,45,1,680
10591,42,0.3875086940300101,1,1,9,1,1,1,1,1,3,1,1,4,3,18,59,45,2,681
10592,42,0.2584140227945348,1,1,9,1,1,1,1,1,3,1,1,4,3,18,59,45,0,682
10593,42,0.3735348337375142,1,1,9,1,1,1,1,1,4,1,1,3,1,18,58,45,24,683
10594,42,0.3100546698811235,1,1,9,1,1,1,1,1,3,1,1,4,1,20,58,45,1,684
10595,42,0.2978675606667959,1,1,9,1,1,1,1,1,3,1,1,4,2,15,57,45,19,685
10596,42,0.3526272260868546,1,1,9,1,1,1,1,1,3,1,1,4,7,12,56,45,21,686
10597,42,0.399283007465594,1,1,9,1,1,1,1,1,5,1,1,4,7,23,56,45,11,687
10598,42,0.3390756466662839,1,1,9,1,1,1,1,1,3,1,1,4,5,14,54,47,39,688
10599,42,0.3051517954255688,1,1,9,1,1,1,1,1,1,1,1,1,5,14,54,47,0,689
10600,42,0.4189195882078729,1,1,9,1,1,1,1,1,7,1,1,5,5,20,54,47,6,690
10601,42,0.4164982767829733,1,1,9,1,1,1,1,1,37,1,1,18,5,21,54,47,2,691
10602,42,0.43906011449663346,1,2,9,3,1,1,4,1,2,1,1,2,4,18,53,47,20,692
10603,42,0.32887152560674554,1,1,9,1,1,1,1,1,72,1,1,14,4,19,53,47,1,693
10604,42,0.30265743401821243,1,1,9,1,1,1,1,1,3,1,1,4,4,21,53,47,2,694
10605,42,0.5635682579015053,1,2,9,3,1,1,4,1,2,1,1,2,3,18,52,47,22,695
10606,42,0.37669009973586326,1,5,9,17,2,1,1,2,37,1,1,18,3,19,52,47,1,696
10607,42,0.3876771200456198,1,2,9,3,1,1,4,1,2,1,1,2,1,11,51,47,16,697
10608,42,0.6187571540776758,1,4,9,4,2,1,3,2,2,1,1,2,2,20,50,47,33,698
10609,42,0.6143950676547192,2,2,9,3,1,1,4,1,2,1,1,2,2,21,50,47,1,699
10610,42,0.42337151971281056,1,1,55,1,1,1,1,1,3,1,1,4,7,19,49,47,22,700
10611,42,0.40935248460062523,1,1,55,1,1,1,1,1,7,1,1,5,7,20,49,47,1,701
10612,42,0.3229770973734782,1,1,55,1,1,1,1,1,3,1,1,4,6,15,48,30,19,702
10613,42,0.31737971403836474,1,1,55,1,1,1,1,1,3,1,1,4,6,15,48,30,0,703
10614,42,0.3051517954255688,1,1,55,1,1,1,1,1,1,1,1,1,6,16,48,30,0,704
10615,42,0.43906011449663346,1,4,9,4,2,1,3,2,2,1,1,2,6,19,48,30,4,705
10616,42,0.25897237458612055,1,4,9,4,2,1,3,2,2,1,1,2,6,19,48,30,0,706
10617,42,0.3372467882510325,1,1,55,1,1,1,1,1,1,1,1,1,5,15,47,30,20,707
10618,42,0.3133117092612147,1,1,55,1,1,1,1,1,1,1,1,1,4,14,46,30,23,708
10619,42,0.28475267357310996,1,1,55,1,1,1,1,1,7,1,2,5,4,23,46,30,9,709
10620,42,0.4095020025261619,1,1,55,1,1,1,1,1,7,1,1,5,4,23,46,30,0,710
10621,42,0.3808924007458716,1,1,55,1,1,2,1,1,34,1,1,12,3,8,45,30,9,711
10622,42,0.4492871471021893,1,2,9,3,1,1,4,1,2,1,1,2,3,11,45,30,3,712
10623,42,0.4265442702066148,1,2,9,3,1,1,4,1,2,1,1,2,3,19,45,30,8,713
10624,42,0.33549855052871946,1,1,55,1,1,1,1,1,3,1,1,4,3,20,45,30,1,714
10625,42,0.37080063390647056,1,1,55,1,1,1,1,1,3,1,1,4,3,20,45,30,0,715
10626,42,0.5221813717631261,1,2,9,3,1,1,4,1,2,1,1,2,1,15,44,30,19,716
10627,42,0.3352493923366083,1,1,9,1,1,1,1,1,1,1,1,1,7,15,42,30,48,717
10628,42,0.33317826579178533,1,1,9,1,1,1,1,1,3,1,1,4,7,15,42,30,0,718
10629,42,0.33091225566670085,1,1,9,1,1,1,1,1,26,1,1,14,7,19,42,30,4,719
10630,42,0.4087026278280516,1,1,9,1,1,1,1,1,26,1,1,14,7,19,42,30,0,720
10631,42,0.28153909926329146,1,1,55,1,1,2,1,1,108,1,1,23,6,15,41,31,20,721
10632,42,0.5201030343244655,1,2,9,3,1,1,4,1,2,1,1,2,6,21,41,31,6,722
10633,42,0.5168336566977262,1,2,9,3,1,1,4,1,2,1,1,2,5,18,33,38,189,723
10634,42,0.4211457134911244,1,1,9,1,1,1,1,1,7,1,1,5,5,20,33,38,2,724
10635,42,0.45463367236509045,1,2,9,3,1,1,4,1,2,1,1,2,4,12,32,38,16,725
10636,42,0.4491373601808883,1,1,9,1,1,1,1,1,1,1,1,1,4,13,32,38,2,726
10637,42,0.45694162174588826,1,1,9,1,1,2,1,1,28,1,112,16,4,14,32,38,1,727
10638,42,0.4190553100416033,1,1,9,1,1,1,1,1,16,1,1,9,4,20,32,38,6,728
10639,42,0.40854825663833205,1,1,9,1,1,1,1,1,1,1,1,1,4,22,32,38,2,729
10640,42,0.3700382051654264,1,1,9,1,1,1,1,1,34,1,1,12,1,18,30,38,44,730
10641,42,0.40366570962080905,1,1,9,1,1,1,1,1,5,1,1,4,1,22,30,38,4,731
10642,42,0.3554855454637836,1,1,9,1,1,1,1,1,3,1,1,4,2,14,29,38,16,732
10643,42,0.45632483515081546,1,1,9,1,1,1,1,1,55,1,1,13,2,21,29,38,8,733
10644,42,0.3369014709023598,1,1,9,1,1,1,1,1,15,1,1,5,2,21,29,38,0,734
10645,42,0.4023433142119545,1,1,9,1,1,1,1,1,41,1,1,10,2,22,29,38,1,735
10646,42,0.4129683727681345,1,1,9,9,1,2,4,1,101,1,1,1,7,12,28,38,14,736
10647,42,0.6395037022647547,2,2,9,3,1,1,4,1,2,1,1,2,7,18,28,38,6,737
10648,42,0.3876771200456198,1,2,9,3,1,1,4,1,2,1,1,2,7,19,28,38,0,738
10649,42,0.36291903426373273,1,1,9,1,1,1,1,1,41,1,1,10,7,20,28,38,2,739
10650,42,0.40366275839936744,1,1,55,1,1,1,1,1,7,1,1,5,7,22,28,38,2,740
10651,42,0.2735662964289014,1,1,9,1,1,1,1,1,79,1,1,14,6,18,27,51,20,741
10652,42,0.3979919160183103,1,1,9,1,1,1,1,1,1,1,1,1,6,22,27,51,4,742
10653,42,0.3503845075499173,1,1,9,1,1,1,1,1,3,1,1,4,5,20,26,51,22,743
10654,42,0.3030387303351997,1,1,9,1,1,1,1,1,1,1,1,1,4,20,25,51,24,744
10655,42,0.321080872324391,1,1,55,1,1,2,1,1,64,1,1,14,4,20,25,51,0,745
10656,42,0.37551886487078795,1,1,9,1,1,1,1,1,5,1,1,4,4,23,25,51,3,746
10657,42,0.3503845075499173,1,1,9,1,1,1,1,1,3,1,1,4,4,23,25,51,0,747
10658,42,0.41541046753306593,1,1,9,1,1,1,1,1,7,1,1,5,3,1,24,51,2,748
10659,42,0.2963470711688774,1,1,55,1,1,1,1,1,7,1,1,5,3,10,24,51,9,749
10660,42,0.4171965949705083,1,1,9,1,1,1,1,1,7,1,1,5,3,21,24,51,11,750
10661,42,0.2978675606667959,1,1,9,1,1,1,1,1,7,1,72,5,1,8,23,51,11,751
10662,42,0.5525518179822477,1,4,9,4,2,1,3,2,2,1,1,2,1,21,23,51,13,752
10663,42,0.3876771200456198,1,2,9,3,1,1,4,1,2,1,1,2,1,21,23,51,0,753
10664,42,0.6178258765432374,2,2,9,3,1,1,4,1,2,1,1,2,1,21,23,51,0,754
10665,42,0.31987407544572105,1,1,9,1,1,1,1,1,3,1,1,4,2,19,22,51,21,755
10666,42,0.3658982566145705,1,1,9,1,1,1,1,1,3,1,1,4,2,19,22,51,0,756
10667,42,0.3876771200456198,1,1,9,1,1,1,1,1,7,1,1,5,7,6,21,51,11,757
10668,42,0.4321443157815401,1,1,9,9,1,2,4,1,6,1,1,3,7,7,21,51,1,758
10669,42,0.29170790135448915,1,1,9,1,1,1,1,1,3,1,2,4,7,8,21,51,0,759
10670,42,0.305395240024642,1,3,9,5,1,1,4,1,9,1,1,2,7,8,21,51,0,760
10671,42,0.2881896392055454,1,1,9,1,1,2,1,1,18,9,31,6,7,10,14,24,170,761
10672,42,0.2975890792412704,1,1,9,1,1,1,1,1,56,1,1,3,7,18,14,24,8,762
10673,42,0.4401708770527852,1,1,9,9,1,2,4,1,6,1,1,3,7,19,14,24,1,763
10674,42,0.2297496088743847,1,1,9,1,1,2,1,1,18,9,31,6,6,10,13,34,16,764
10675,42,0.3893341467082021,1,3,9,5,1,1,4,1,9,1,1,2,6,18,13,34,7,765
10676,42,0.45008362889218506,3,5,9,17,2,1,1,2,85,24,2,6,5,0,12,34,6,766
10677,42,0.3825750088588767,1,1,9,1,1,1,1,1,4,1,1,3,5,14,12,34,15,767
10678,42,0.3120314888953625,1,1,9,1,1,1,1,1,3,1,1,4,5,14,12,34,0,768
10679,42,0.3978985484558824,1,1,9,1,1,1,1,1,67,1,1,1,5,19,12,34,5,769
10680,42,0.3648126669082979,1,1,9,1,1,1,1,1,7,1,1,5,5,21,12,34,1,770
10681,42,0.34168000696874473,1,1,9,1,1,1,1,1,15,1,1,5,4,13,11,34,17,771
10682,42,0.36639110398994557,1,1,9,1,1,1,1,1,34,1,1,12,4,14,11,34,0,772
10683,42,0.3906254150087097,1,1,9,1,1,1,1,1,3,1,1,4,4,14,11,34,0,773
10684,42,0.4265442702066148,1,2,9,3,1,1,4,1,2,1,1,2,4,18,11,34,5,774
10685,42,0.33564043149450434,1,1,9,1,1,1,1,1,3,1,1,4,4,19,11,34,1,775
10686,42,0.40450262136200565,1,1,9,1,1,1,1,1,15,1,1,5,4,21,11,34,1,776
10687,42,0.3558811168042581,1,1,9,1,1,2,1,1,34,1,1,12,3,16,10,34,20,777
10688,42,0.3655658848225099,1,1,9,1,1,2,1,1,42,1,2,11,3,17,10,34,0,778
10689,42,0.4265442702066148,1,2,9,3,1,1,4,1,2,1,1,2,3,18,10,34,1,779
10690,42,0.366717823352962,1,1,9,1,1,1,1,1,32,1,1,10,3,19,10,34,1,780
10691,42,0.42452547165903104,1,1,9,1,1,1,1,1,7,1,1,5,1,19,9,34,24,781
10692,42,0.42555408256614474,1,1,9,1,1,1,1,1,3,1,1,4,1,22,9,34,2,782
10693,42,0.32148351776549977,1,1,9,1,1,1,1,1,4,1,53,3,2,14,8,34,16,783
10694,42,0.3782367758612059,1,1,9,1,1,1,1,1,3,1,1,4,2,18,8,34,4,784
10695,42,0.41953396428372414,1,1,9,1,1,1,1,1,5,1,1,4,2,22,8,34,5,785
10696,42,0.29842041136607067,1,1,9,1,1,2,1,1,64,1,1,14,2,22,8,34,0,786
10697,42,0.3552252713932068,1,1,9,1,1,1,1,1,1,1,1,1,7,0,7,34,2,787
10698,42,0.31873659273864335,1,1,9,1,1,1,1,1,7,1,2,5,7,18,7,34,18,788
10699,42,0.35617671305624016,1,1,9,1,1,1,1,1,1,1,1,1,7,19,7,34,1,789
10700,42,0.350558571720738,1,1,9,1,1,1,1,1,1,1,1,1,7,22,7,34,3,790
10701,42,0.45785166503359137,2,4,9,4,2,1,3,2,2,1,1,2,7,22,7,34,0,791
10702,42,0.31639002538453637,1,1,9,13,1,2,4,1,73,1,1,19,6,9,6,1,11,792
10703,42,0.47669604586920117,1,1,9,1,1,2,1,1,16,1,2,9,6,12,6,1,3,793
10704,42,0.3362043949558855,1,1,9,1,1,1,1,1,1,1,1,1,6,20,6,1,8,794
10705,42,0.4276620706447563,1,1,9,1,1,1,1,1,7,1,1,5,6,20,6,1,1,795
10706,42,0.3876771200456198,1,2,9,3,1,1,4,1,2,1,1,2,5,11,5,1,15,796
10707,42,0.36178342533254015,1,1,9,1,1,1,1,1,34,1,1,12,5,19,5,1,7,797
10708,42,0.46105184469697086,1,2,27,3,1,1,4,1,2,1,1,2,5,21,5,1,3,798
10709,42,0.42735167826706927,1,1,27,2,1,1,2,1,10,1,1,7,4,20,4,1,22,799
10710,42,0.419787586826547,1,1,9,1,1,1,1,1,1,1,1,1,4,21,4,1,1,800
10711,42,0.3535101097927479,1,1,27,2,1,1,2,1,1,1,1,1,3,9,3,1,11,801
10712,42,0.39152241216753,1,1,27,2,1,1,2,1,1,1,1,1,3,11,3,1,3,802
10713,42,0.4169931639062141,1,1,27,2,1,1,2,1,7,1,1,5,3,19,3,1,7,803
10714,42,0.3479347025901494,1,1,27,2,1,1,2,1,10,1,1,7,3,19,3,1,0,804
10715,42,0.34967176655885474,1,1,27,2,1,2,2,1,64,1,2,14,1,12,2,1,18,805
10716,42,0.45552746625168544,1,1,27,2,1,1,2,1,108,1,1,17,1,16,2,1,4,806
10717,42,0.4210703281250654,1,1,55,1,1,1,1,1,7,1,1,5,2,13,1,1,21,807
10718,42,0.31987407544572105,1,1,55,1,1,1,1,1,3,1,1,4,2,15,1,1,2,808
10719,42,0.25373515618965214,1,1,27,2,1,1,2,1,3,1,1,4,2,15,1,1,0,809
